id,title,category,servings,prepMinutes,cookMinutes,ingredients,steps,notes
1,Pan-Seared Lentils,Breakfast,6,8,37,"[{""name"": ""Salt"", ""quantity"": 1, ""unit"": ""tsp""}, {""name"": ""Pepper"", ""quantity"": 0.5, ""unit"": ""tsp""}, {""name"": ""Olive oil"", ""quantity"": 2, ""unit"": ""tbsp""}]","[{""id"": 1, ""description"": ""Prepare ingredients."", ""minutes"": 1, ""seconds"": 0}, {""id"": 2, ""description"": ""Cook using chosen method."", ""minutes"": 37, ""seconds"": 0}]",Automatically generated sample recipe.
2,Grilled Beef,Dinner,2,6,33,"[{""name"": ""Salt"", ""quantity"": 1, ""unit"": ""tsp""}, {""name"": ""Pepper"", ""quantity"": 0.5, ""unit"": ""tsp""}, {""name"": ""Olive oil"", ""quantity"": 2, ""unit"": ""tbsp""}]","[{""id"": 1, ""description"": ""Prepare ingredients."", ""minutes"": 1, ""seconds"": 0}, {""id"": 2, ""description"": ""Cook using chosen method."", ""minutes"": 33, ""seconds"": 0}]",Automatically generated sample recipe.
3,Pan-Seared Rice,Lunch,6,14,39,"[{""name"": ""Salt"", ""quantity"": 1, ""unit"": ""tsp""}, {""name"": ""Pepper"", ""quantity"": 0.5, ""unit"": ""tsp""}, {""name"": ""Olive oil"", ""quantity"": 2, ""unit"": ""tbsp""}]","[{""id"": 1, ""description"": ""Prepare ingredients."", ""minutes"": 1, ""seconds"": 0}, {""id"": 2, ""description"": ""Cook using chosen method."", ""minutes"": 39, ""seconds"": 0}]",Automatically generated sample recipe.
4,Stir-Fried Pork,Seafood,2,15,10,"[{""name"": ""Salt"", ""quantity"": 1, ""unit"": ""tsp""}, {""name"": ""Pepper"", ""quantity"": 0.5, ""unit"": ""tsp""}, {""name"": ""Olive oil"", ""quantity"": 2, ""unit"": ""tbsp""}]","[{""id"": 1, ""description"": ""Prepare ingredients."", ""minutes"": 1, ""seconds"": 0}, {""id"": 2, ""description"": ""Cook using chosen method."", ""minutes"": 10, ""seconds"": 0}]",Automatically generated sample recipe.
5,Roasted Rice,Seafood,6,10,40,"[{""name"": ""Salt"", ""quantity"": 1, ""unit"": ""tsp""}, {""name"": ""Pepper"", ""quantity"": 0.5, ""unit"": ""tsp""}, {""name"": ""Olive oil"", ""quantity"": 2, ""unit"": ""tbsp""}]","[{""id"": 1, ""description"": ""Prepare ingredients."", ""minutes"": 1, ""seconds"": 0}, {""id"": 2, ""description"": ""Cook using chosen method."", ""minutes"": 40, ""seconds"": 0}]",Automatically generated sample recipe.
6,Grilled Lentils,Dinner,4,11,33,"[{""name"": ""Salt"", ""quantity"": 1, ""unit"": ""tsp""}, {""name"": ""Pepper"", ""quantity"": 0.5, ""unit"": ""tsp""}, {""name"": ""Olive oil"", ""quantity"": 2, ""unit"": ""tbsp""}]","[{""id"": 1, ""description"": ""Prepare ingredients."", ""minutes"": 1, ""seconds"": 0}, {""id"": 2, ""description"": ""Cook using chosen method."", ""minutes"": 33, ""seconds"": 0}]",Automatically generated sample recipe.
7,Stir-Fried Chicken,Breakfast,2,10,32,"[{""name"": ""Salt"", ""quantity"": 1, ""unit"": ""tsp""}, {""name"": ""Pepper"", ""quantity"": 0.5, ""unit"": ""tsp""}, {""name"": ""Olive oil"", ""quantity"": 2, ""unit"": ""tbsp""}]","[{""id"": 1, ""description"": ""Prepare ingredients."", ""minutes"": 1, ""seconds"": 0}, {""id"": 2, ""description"": ""Cook using chosen method."", ""minutes"": 32, ""seconds"": 0}]",Automatically generated sample recipe.
8,Grilled Rice,Vegan,4,18,28,"[{""name"": ""Salt"", ""quantity"": 1, ""unit"": ""tsp""}, {""name"": ""Pepper"", ""quantity"": 0.5, ""unit"": ""tsp""}, {""name"": ""Olive oil"", ""quantity"": 2, ""unit"": ""tbsp""}]","[{""id"": 1, ""description"": ""Prepare ingredients."", ""minutes"": 1, ""seconds"": 0}, {""id"": 2, ""description"": ""Cook using chosen method."", ""minutes"": 28, ""seconds"": 0}]",Automatically generated sample recipe.
9,Roasted Vegetables,Snack,6,14,10,"[{""name"": ""Salt"", ""quantity"": 1, ""unit"": ""tsp""}, {""name"": ""Pepper"", ""quantity"": 0.5, ""unit"": ""tsp""}, {""name"": ""Olive oil"", ""quantity"": 2, ""unit"": ""tbsp""}]","[{""id"": 1, ""description"": ""Prepare ingredients."", ""minutes"": 1, ""seconds"": 0}, {""id"": 2, ""description"": ""Cook using chosen method."", ""minutes"": 10, ""seconds"": 0}]",Automatically generated sample recipe.
10,Stewed Shrimp,Snack,6,10,35,"[{""name"": ""Salt"", ""quantity"": 1, ""unit"": ""tsp""}, {""name"": ""Pepper"", ""quantity"": 0.5, ""unit"": ""tsp""}, {""name"": ""Olive oil"", ""quantity"": 2, ""unit"": ""tbsp""}]","[{""id"": 1, ""description"": ""Prepare ingredients."", ""minutes"": 1, ""seconds"": 0}, {""id"": 2, ""description"": ""Cook using chosen method."", ""minutes"": 35, ""seconds"": 0}]",Automatically generated sample recipe.
11,Slow-Cooked Pasta,Dinner,4,12,14,"[{""name"": ""Salt"", ""quantity"": 1, ""unit"": ""tsp""}, {""name"": ""Pepper"", ""quantity"": 0.5, ""unit"": ""tsp""}, {""name"": ""Olive oil"", ""quantity"": 2, ""unit"": ""tbsp""}]","[{""id"": 1, ""description"": ""Prepare ingredients."", ""minutes"": 1, ""seconds"": 0}, {""id"": 2, ""description"": ""Cook using chosen method."", ""minutes"": 14, ""seconds"": 0}]",Automatically generated sample recipe.
12,Pan-Seared Lentils,Dessert,6,19,34,"[{""name"": ""Salt"", ""quantity"": 1, ""unit"": ""tsp""}, {""name"": ""Pepper"", ""quantity"": 0.5, ""unit"": ""tsp""}, {""name"": ""Olive oil"", ""quantity"": 2, ""unit"": ""tbsp""}]","[{""id"": 1, ""description"": ""Prepare ingredients."", ""minutes"": 1, ""seconds"": 0}, {""id"": 2, ""description"": ""Cook using chosen method."", ""minutes"": 34, ""seconds"": 0}]",Automatically generated sample recipe.
13,Baked Beef,Breakfast,2,14,19,"[{""name"": ""Salt"", ""quantity"": 1, ""unit"": ""tsp""}, {""name"": ""Pepper"", ""quantity"": 0.5, ""unit"": ""tsp""}, {""name"": ""Olive oil"", ""quantity"": 2, ""unit"": ""tbsp""}]","[{""id"": 1, ""description"": ""Prepare ingredients."", ""minutes"": 1, ""seconds"": 0}, {""id"": 2, ""description"": ""Cook using chosen method."", ""minutes"": 19, ""seconds"": 0}]",Automatically generated sample recipe.
14,Roasted Pasta,Lunch,4,20,38,"[{""name"": ""Salt"", ""quantity"": 1, ""unit"": ""tsp""}, {""name"": ""Pepper"", ""quantity"": 0.5, ""unit"": ""tsp""}, {""name"": ""Olive oil"", ""quantity"": 2, ""unit"": ""tbsp""}]","[{""id"": 1, ""description"": ""Prepare ingredients."", ""minutes"": 1, ""seconds"": 0}, {""id"": 2, ""description"": ""Cook using chosen method."", ""minutes"": 38, ""seconds"": 0}]",Automatically generated sample recipe.
15,Roasted Rice,Breakfast,2,5,12,"[{""name"": ""Salt"", ""quantity"": 1, ""unit"": ""tsp""}, {""name"": ""Pepper"", ""quantity"": 0.5, ""unit"": ""tsp""}, {""name"": ""Olive oil"", ""quantity"": 2, ""unit"": ""tbsp""}]","[{""id"": 1, ""description"": ""Prepare ingredients."", ""minutes"": 1, ""seconds"": 0}, {""id"": 2, ""description"": ""Cook using chosen method."", ""minutes"": 12, ""seconds"": 0}]",Automatically generated sample recipe.
16,Roasted Salmon,Dessert,4,15,40,"[{""name"": ""Salt"", ""quantity"": 1, ""unit"": ""tsp""}, {""name"": ""Pepper"", ""quantity"": 0.5, ""unit"": ""tsp""}, {""name"": ""Olive oil"", ""quantity"": 2, ""unit"": ""tbsp""}]","[{""id"": 1, ""description"": ""Prepare ingredients."", ""minutes"": 1, ""seconds"": 0}, {""id"": 2, ""description"": ""Cook using chosen method."", ""minutes"": 40, ""seconds"": 0}]",Automatically generated sample recipe.
17,Stir-Fried Salmon,Dessert,6,13,31,"[{""name"": ""Salt"", ""quantity"": 1, ""unit"": ""tsp""}, {""name"": ""Pepper"", ""quantity"": 0.5, ""unit"": ""tsp""}, {""name"": ""Olive oil"", ""quantity"": 2, ""unit"": ""tbsp""}]","[{""id"": 1, ""description"": ""Prepare ingredients."", ""minutes"": 1, ""seconds"": 0}, {""id"": 2, ""description"": ""Cook using chosen method."", ""minutes"": 31, ""seconds"": 0}]",Automatically generated sample recipe.
18,Stir-Fried Shrimp,Lunch,2,19,12,"[{""name"": ""Salt"", ""quantity"": 1, ""unit"": ""tsp""}, {""name"": ""Pepper"", ""quantity"": 0.5, ""unit"": ""tsp""}, {""name"": ""Olive oil"", ""quantity"": 2, ""unit"": ""tbsp""}]","[{""id"": 1, ""description"": ""Prepare ingredients."", ""minutes"": 1, ""seconds"": 0}, {""id"": 2, ""description"": ""Cook using chosen method."", ""minutes"": 12, ""seconds"": 0}]",Automatically generated sample recipe.
19,Slow-Cooked Pork,Dinner,6,10,36,"[{""name"": ""Salt"", ""quantity"": 1, ""unit"": ""tsp""}, {""name"": ""Pepper"", ""quantity"": 0.5, ""unit"": ""tsp""}, {""name"": ""Olive oil"", ""quantity"": 2, ""unit"": ""tbsp""}]","[{""id"": 1, ""description"": ""Prepare ingredients."", ""minutes"": 1, ""seconds"": 0}, {""id"": 2, ""description"": ""Cook using chosen method."", ""minutes"": 36, ""seconds"": 0}]",Automatically generated sample recipe.
20,Roasted Beef,Snack,2,20,34,"[{""name"": ""Salt"", ""quantity"": 1, ""unit"": ""tsp""}, {""name"": ""Pepper"", ""quantity"": 0.5, ""unit"": ""tsp""}, {""name"": ""Olive oil"", ""quantity"": 2, ""unit"": ""tbsp""}]","[{""id"": 1, ""description"": ""Prepare ingredients."", ""minutes"": 1, ""seconds"": 0}, {""id"": 2, ""description"": ""Cook using chosen method."", ""minutes"": 34, ""seconds"": 0}]",Automatically generated sample recipe.
21,Pan-Seared Vegetables,Seafood,4,5,26,"[{""name"": ""Salt"", ""quantity"": 1, ""unit"": ""tsp""}, {""name"": ""Pepper"", ""quantity"": 0.5, ""unit"": ""tsp""}, {""name"": ""Olive oil"", ""quantity"": 2, ""unit"": ""tbsp""}]","[{""id"": 1, ""description"": ""Prepare ingredients."", ""minutes"": 1, ""seconds"": 0}, {""id"": 2, ""description"": ""Cook using chosen method."", ""minutes"": 26, ""seconds"": 0}]",Automatically generated sample recipe.
22,Slow-Cooked Vegetables,Breakfast,2,14,23,"[{""name"": ""Salt"", ""quantity"": 1, ""unit"": ""tsp""}, {""name"": ""Pepper"", ""quantity"": 0.5, ""unit"": ""tsp""}, {""name"": ""Olive oil"", ""quantity"": 2, ""unit"": ""tbsp""}]","[{""id"": 1, ""description"": ""Prepare ingredients."", ""minutes"": 1, ""seconds"": 0}, {""id"": 2, ""description"": ""Cook using chosen method."", ""minutes"": 23, ""seconds"": 0}]",Automatically generated sample recipe.
23,Stir-Fried Salmon,Dinner,4,12,43,"[{""name"": ""Salt"", ""quantity"": 1, ""unit"": ""tsp""}, {""name"": ""Pepper"", ""quantity"": 0.5, ""unit"": ""tsp""}, {""name"": ""Olive oil"", ""quantity"": 2, ""unit"": ""tbsp""}]","[{""id"": 1, ""description"": ""Prepare ingredients."", ""minutes"": 1, ""seconds"": 0}, {""id"": 2, ""description"": ""Cook using chosen method."", ""minutes"": 43, ""seconds"": 0}]",Automatically generated sample recipe.
24,Slow-Cooked Rice,Lunch,2,8,15,"[{""name"": ""Salt"", ""quantity"": 1, ""unit"": ""tsp""}, {""name"": ""Pepper"", ""quantity"": 0.5, ""unit"": ""tsp""}, {""name"": ""Olive oil"", ""quantity"": 2, ""unit"": ""tbsp""}]","[{""id"": 1, ""description"": ""Prepare ingredients."", ""minutes"": 1, ""seconds"": 0}, {""id"": 2, ""description"": ""Cook using chosen method."", ""minutes"": 15, ""seconds"": 0}]",Automatically generated sample recipe.
25,Grilled Beef,Seafood,4,11,26,"[{""name"": ""Salt"", ""quantity"": 1, ""unit"": ""tsp""}, {""name"": ""Pepper"", ""quantity"": 0.5, ""unit"": ""tsp""}, {""name"": ""Olive oil"", ""quantity"": 2, ""unit"": ""tbsp""}]","[{""id"": 1, ""description"": ""Prepare ingredients."", ""minutes"": 1, ""seconds"": 0}, {""id"": 2, ""description"": ""Cook using chosen method."", ""minutes"": 26, ""seconds"": 0}]",Automatically generated sample recipe.
26,Stir-Fried Pasta,Snack,6,18,13,"[{""name"": ""Salt"", ""quantity"": 1, ""unit"": ""tsp""}, {""name"": ""Pepper"", ""quantity"": 0.5, ""unit"": ""tsp""}, {""name"": ""Olive oil"", ""quantity"": 2, ""unit"": ""tbsp""}]","[{""id"": 1, ""description"": ""Prepare ingredients."", ""minutes"": 1, ""seconds"": 0}, {""id"": 2, ""description"": ""Cook using chosen method."", ""minutes"": 13, ""seconds"": 0}]",Automatically generated sample recipe.
27,Grilled Pasta,Lunch,4,16,16,"[{""name"": ""Salt"", ""quantity"": 1, ""unit"": ""tsp""}, {""name"": ""Pepper"", ""quantity"": 0.5, ""unit"": ""tsp""}, {""name"": ""Olive oil"", ""quantity"": 2, ""unit"": ""tbsp""}]","[{""id"": 1, ""description"": ""Prepare ingredients."", ""minutes"": 1, ""seconds"": 0}, {""id"": 2, ""description"": ""Cook using chosen method."", ""minutes"": 16, ""seconds"": 0}]",Automatically generated sample recipe.
28,Roasted Shrimp,Seafood,4,11,10,"[{""name"": ""Salt"", ""quantity"": 1, ""unit"": ""tsp""}, {""name"": ""Pepper"", ""quantity"": 0.5, ""unit"": ""tsp""}, {""name"": ""Olive oil"", ""quantity"": 2, ""unit"": ""tbsp""}]","[{""id"": 1, ""description"": ""Prepare ingredients."", ""minutes"": 1, ""seconds"": 0}, {""id"": 2, ""description"": ""Cook using chosen method."", ""minutes"": 10, ""seconds"": 0}]",Automatically generated sample recipe.
29,Stir-Fried Tofu,Lunch,4,20,20,"[{""name"": ""Salt"", ""quantity"": 1, ""unit"": ""tsp""}, {""name"": ""Pepper"", ""quantity"": 0.5, ""unit"": ""tsp""}, {""name"": ""Olive oil"", ""quantity"": 2, ""unit"": ""tbsp""}]","[{""id"": 1, ""description"": ""Prepare ingredients."", ""minutes"": 1, ""seconds"": 0}, {""id"": 2, ""description"": ""Cook using chosen method."", ""minutes"": 20, ""seconds"": 0}]",Automatically generated sample recipe.
30,Slow-Cooked Pasta,Lunch,6,15,40,"[{""name"": ""Salt"", ""quantity"": 1, ""unit"": ""tsp""}, {""name"": ""Pepper"", ""quantity"": 0.5, ""unit"": ""tsp""}, {""name"": ""Olive oil"", ""quantity"": 2, ""unit"": ""tbsp""}]","[{""id"": 1, ""description"": ""Prepare ingredients."", ""minutes"": 1, ""seconds"": 0}, {""id"": 2, ""description"": ""Cook using chosen method."", ""minutes"": 40, ""seconds"": 0}]",Automatically generated sample recipe.
31,Grilled Chicken,Seafood,6,13,16,"[{""name"": ""Salt"", ""quantity"": 1, ""unit"": ""tsp""}, {""name"": ""Pepper"", ""quantity"": 0.5, ""unit"": ""tsp""}, {""name"": ""Olive oil"", ""quantity"": 2, ""unit"": ""tbsp""}]","[{""id"": 1, ""description"": ""Prepare ingredients."", ""minutes"": 1, ""seconds"": 0}, {""id"": 2, ""description"": ""Cook using chosen method."", ""minutes"": 16, ""seconds"": 0}]",Automatically generated sample recipe.
32,Pan-Seared Tofu,Seafood,2,8,26,"[{""name"": ""Salt"", ""quantity"": 1, ""unit"": ""tsp""}, {""name"": ""Pepper"", ""quantity"": 0.5, ""unit"": ""tsp""}, {""name"": ""Olive oil"", ""quantity"": 2, ""unit"": ""tbsp""}]","[{""id"": 1, ""description"": ""Prepare ingredients."", ""minutes"": 1, ""seconds"": 0}, {""id"": 2, ""description"": ""Cook using chosen method."", ""minutes"": 26, ""seconds"": 0}]",Automatically generated sample recipe.
33,Roasted Vegetables,Lunch,2,14,26,"[{""name"": ""Salt"", ""quantity"": 1, ""unit"": ""tsp""}, {""name"": ""Pepper"", ""quantity"": 0.5, ""unit"": ""tsp""}, {""name"": ""Olive oil"", ""quantity"": 2, ""unit"": ""tbsp""}]","[{""id"": 1, ""description"": ""Prepare ingredients."", ""minutes"": 1, ""seconds"": 0}, {""id"": 2, ""description"": ""Cook using chosen method."", ""minutes"": 26, ""seconds"": 0}]",Automatically generated sample recipe.
34,Stir-Fried Vegetables,Dinner,2,13,35,"[{""name"": ""Salt"", ""quantity"": 1, ""unit"": ""tsp""}, {""name"": ""Pepper"", ""quantity"": 0.5, ""unit"": ""tsp""}, {""name"": ""Olive oil"", ""quantity"": 2, ""unit"": ""tbsp""}]","[{""id"": 1, ""description"": ""Prepare ingredients."", ""minutes"": 1, ""seconds"": 0}, {""id"": 2, ""description"": ""Cook using chosen method."", ""minutes"": 35, ""seconds"": 0}]",Automatically generated sample recipe.
35,Baked Vegetables,Dinner,6,11,40,"[{""name"": ""Salt"", ""quantity"": 1, ""unit"": ""tsp""}, {""name"": ""Pepper"", ""quantity"": 0.5, ""unit"": ""tsp""}, {""name"": ""Olive oil"", ""quantity"": 2, ""unit"": ""tbsp""}]","[{""id"": 1, ""description"": ""Prepare ingredients."", ""minutes"": 1, ""seconds"": 0}, {""id"": 2, ""description"": ""Cook using chosen method."", ""minutes"": 40, ""seconds"": 0}]",Automatically generated sample recipe.
36,Roasted Chicken,Dinner,2,13,27,"[{""name"": ""Salt"", ""quantity"": 1, ""unit"": ""tsp""}, {""name"": ""Pepper"", ""quantity"": 0.5, ""unit"": ""tsp""}, {""name"": ""Olive oil"", ""quantity"": 2, ""unit"": ""tbsp""}]","[{""id"": 1, ""description"": ""Prepare ingredients."", ""minutes"": 1, ""seconds"": 0}, {""id"": 2, ""description"": ""Cook using chosen method."", ""minutes"": 27, ""seconds"": 0}]",Automatically generated sample recipe.
37,Slow-Cooked Vegetables,Breakfast,4,19,16,"[{""name"": ""Salt"", ""quantity"": 1, ""unit"": ""tsp""}, {""name"": ""Pepper"", ""quantity"": 0.5, ""unit"": ""tsp""}, {""name"": ""Olive oil"", ""quantity"": 2, ""unit"": ""tbsp""}]","[{""id"": 1, ""description"": ""Prepare ingredients."", ""minutes"": 1, ""seconds"": 0}, {""id"": 2, ""description"": ""Cook using chosen method."", ""minutes"": 16, ""seconds"": 0}]",Automatically generated sample recipe.
38,Pan-Seared Pasta,Seafood,6,12,21,"[{""name"": ""Salt"", ""quantity"": 1, ""unit"": ""tsp""}, {""name"": ""Pepper"", ""quantity"": 0.5, ""unit"": ""tsp""}, {""name"": ""Olive oil"", ""quantity"": 2, ""unit"": ""tbsp""}]","[{""id"": 1, ""description"": ""Prepare ingredients."", ""minutes"": 1, ""seconds"": 0}, {""id"": 2, ""description"": ""Cook using chosen method."", ""minutes"": 21, ""seconds"": 0}]",Automatically generated sample recipe.
39,Grilled Pasta,Dessert,4,12,35,"[{""name"": ""Salt"", ""quantity"": 1, ""unit"": ""tsp""}, {""name"": ""Pepper"", ""quantity"": 0.5, ""unit"": ""tsp""}, {""name"": ""Olive oil"", ""quantity"": 2, ""unit"": ""tbsp""}]","[{""id"": 1, ""description"": ""Prepare ingredients."", ""minutes"": 1, ""seconds"": 0}, {""id"": 2, ""description"": ""Cook using chosen method."", ""minutes"": 35, ""seconds"": 0}]",Automatically generated sample recipe.
40,Baked Pasta,Breakfast,6,15,11,"[{""name"": ""Salt"", ""quantity"": 1, ""unit"": ""tsp""}, {""name"": ""Pepper"", ""quantity"": 0.5, ""unit"": ""tsp""}, {""name"": ""Olive oil"", ""quantity"": 2, ""unit"": ""tbsp""}]","[{""id"": 1, ""description"": ""Prepare ingredients."", ""minutes"": 1, ""seconds"": 0}, {""id"": 2, ""description"": ""Cook using chosen method."", ""minutes"": 11, ""seconds"": 0}]",Automatically generated sample recipe.
41,Stir-Fried Pasta,Dessert,2,10,16,"[{""name"": ""Salt"", ""quantity"": 1, ""unit"": ""tsp""}, {""name"": ""Pepper"", ""quantity"": 0.5, ""unit"": ""tsp""}, {""name"": ""Olive oil"", ""quantity"": 2, ""unit"": ""tbsp""}]","[{""id"": 1, ""description"": ""Prepare ingredients."", ""minutes"": 1, ""seconds"": 0}, {""id"": 2, ""description"": ""Cook using chosen method."", ""minutes"": 16, ""seconds"": 0}]",Automatically generated sample recipe.
42,Stir-Fried Beef,Dinner,4,16,27,"[{""name"": ""Salt"", ""quantity"": 1, ""unit"": ""tsp""}, {""name"": ""Pepper"", ""quantity"": 0.5, ""unit"": ""tsp""}, {""name"": ""Olive oil"", ""quantity"": 2, ""unit"": ""tbsp""}]","[{""id"": 1, ""description"": ""Prepare ingredients."", ""minutes"": 1, ""seconds"": 0}, {""id"": 2, ""description"": ""Cook using chosen method."", ""minutes"": 27, ""seconds"": 0}]",Automatically generated sample recipe.
43,Roasted Vegetables,Vegan,6,14,23,"[{""name"": ""Salt"", ""quantity"": 1, ""unit"": ""tsp""}, {""name"": ""Pepper"", ""quantity"": 0.5, ""unit"": ""tsp""}, {""name"": ""Olive oil"", ""quantity"": 2, ""unit"": ""tbsp""}]","[{""id"": 1, ""description"": ""Prepare ingredients."", ""minutes"": 1, ""seconds"": 0}, {""id"": 2, ""description"": ""Cook using chosen method."", ""minutes"": 23, ""seconds"": 0}]",Automatically generated sample recipe.
44,Grilled Tofu,Seafood,6,7,42,"[{""name"": ""Salt"", ""quantity"": 1, ""unit"": ""tsp""}, {""name"": ""Pepper"", ""quantity"": 0.5, ""unit"": ""tsp""}, {""name"": ""Olive oil"", ""quantity"": 2, ""unit"": ""tbsp""}]","[{""id"": 1, ""description"": ""Prepare ingredients."", ""minutes"": 1, ""seconds"": 0}, {""id"": 2, ""description"": ""Cook using chosen method."", ""minutes"": 42, ""seconds"": 0}]",Automatically generated sample recipe.
45,Baked Lentils,Breakfast,4,11,34,"[{""name"": ""Salt"", ""quantity"": 1, ""unit"": ""tsp""}, {""name"": ""Pepper"", ""quantity"": 0.5, ""unit"": ""tsp""}, {""name"": ""Olive oil"", ""quantity"": 2, ""unit"": ""tbsp""}]","[{""id"": 1, ""description"": ""Prepare ingredients."", ""minutes"": 1, ""seconds"": 0}, {""id"": 2, ""description"": ""Cook using chosen method."", ""minutes"": 34, ""seconds"": 0}]",Automatically generated sample recipe.
46,Pan-Seared Shrimp,Lunch,6,15,39,"[{""name"": ""Salt"", ""quantity"": 1, ""unit"": ""tsp""}, {""name"": ""Pepper"", ""quantity"": 0.5, ""unit"": ""tsp""}, {""name"": ""Olive oil"", ""quantity"": 2, ""unit"": ""tbsp""}]","[{""id"": 1, ""description"": ""Prepare ingredients."", ""minutes"": 1, ""seconds"": 0}, {""id"": 2, ""description"": ""Cook using chosen method."", ""minutes"": 39, ""seconds"": 0}]",Automatically generated sample recipe.
47,Stewed Pork,Snack,6,8,32,"[{""name"": ""Salt"", ""quantity"": 1, ""unit"": ""tsp""}, {""name"": ""Pepper"", ""quantity"": 0.5, ""unit"": ""tsp""}, {""name"": ""Olive oil"", ""quantity"": 2, ""unit"": ""tbsp""}]","[{""id"": 1, ""description"": ""Prepare ingredients."", ""minutes"": 1, ""seconds"": 0}, {""id"": 2, ""description"": ""Cook using chosen method."", ""minutes"": 32, ""seconds"": 0}]",Automatically generated sample recipe.
48,Stir-Fried Pork,Snack,2,7,17,"[{""name"": ""Salt"", ""quantity"": 1, ""unit"": ""tsp""}, {""name"": ""Pepper"", ""quantity"": 0.5, ""unit"": ""tsp""}, {""name"": ""Olive oil"", ""quantity"": 2, ""unit"": ""tbsp""}]","[{""id"": 1, ""description"": ""Prepare ingredients."", ""minutes"": 1, ""seconds"": 0}, {""id"": 2, ""description"": ""Cook using chosen method."", ""minutes"": 17, ""seconds"": 0}]",Automatically generated sample recipe.
49,Grilled Lentils,Dessert,2,8,20,"[{""name"": ""Salt"", ""quantity"": 1, ""unit"": ""tsp""}, {""name"": ""Pepper"", ""quantity"": 0.5, ""unit"": ""tsp""}, {""name"": ""Olive oil"", ""quantity"": 2, ""unit"": ""tbsp""}]","[{""id"": 1, ""description"": ""Prepare ingredients."", ""minutes"": 1, ""seconds"": 0}, {""id"": 2, ""description"": ""Cook using chosen method."", ""minutes"": 20, ""seconds"": 0}]",Automatically generated sample recipe.
50,Stir-Fried Pork,Dessert,6,6,31,"[{""name"": ""Salt"", ""quantity"": 1, ""unit"": ""tsp""}, {""name"": ""Pepper"", ""quantity"": 0.5, ""unit"": ""tsp""}, {""name"": ""Olive oil"", ""quantity"": 2, ""unit"": ""tbsp""}]","[{""id"": 1, ""description"": ""Prepare ingredients."", ""minutes"": 1, ""seconds"": 0}, {""id"": 2, ""description"": ""Cook using chosen method."", ""minutes"": 31, ""seconds"": 0}]",Automatically generated sample recipe.
51,Pan-Seared Lentils,Dinner,4,8,40,"[{""name"": ""Salt"", ""quantity"": 1, ""unit"": ""tsp""}, {""name"": ""Pepper"", ""quantity"": 0.5, ""unit"": ""tsp""}, {""name"": ""Olive oil"", ""quantity"": 2, ""unit"": ""tbsp""}]","[{""id"": 1, ""description"": ""Prepare ingredients."", ""minutes"": 1, ""seconds"": 0}, {""id"": 2, ""description"": ""Cook using chosen method."", ""minutes"": 40, ""seconds"": 0}]",Automatically generated sample recipe.
52,Slow-Cooked Salmon,Vegan,4,15,37,"[{""name"": ""Salt"", ""quantity"": 1, ""unit"": ""tsp""}, {""name"": ""Pepper"", ""quantity"": 0.5, ""unit"": ""tsp""}, {""name"": ""Olive oil"", ""quantity"": 2, ""unit"": ""tbsp""}]","[{""id"": 1, ""description"": ""Prepare ingredients."", ""minutes"": 1, ""seconds"": 0}, {""id"": 2, ""description"": ""Cook using chosen method."", ""minutes"": 37, ""seconds"": 0}]",Automatically generated sample recipe.
53,Stir-Fried Salmon,Dessert,4,16,32,"[{""name"": ""Salt"", ""quantity"": 1, ""unit"": ""tsp""}, {""name"": ""Pepper"", ""quantity"": 0.5, ""unit"": ""tsp""}, {""name"": ""Olive oil"", ""quantity"": 2, ""unit"": ""tbsp""}]","[{""id"": 1, ""description"": ""Prepare ingredients."", ""minutes"": 1, ""seconds"": 0}, {""id"": 2, ""description"": ""Cook using chosen method."", ""minutes"": 32, ""seconds"": 0}]",Automatically generated sample recipe.
54,Slow-Cooked Tofu,Snack,6,16,45,"[{""name"": ""Salt"", ""quantity"": 1, ""unit"": ""tsp""}, {""name"": ""Pepper"", ""quantity"": 0.5, ""unit"": ""tsp""}, {""name"": ""Olive oil"", ""quantity"": 2, ""unit"": ""tbsp""}]","[{""id"": 1, ""description"": ""Prepare ingredients."", ""minutes"": 1, ""seconds"": 0}, {""id"": 2, ""description"": ""Cook using chosen method."", ""minutes"": 45, ""seconds"": 0}]",Automatically generated sample recipe.
55,Baked Shrimp,Lunch,6,16,20,"[{""name"": ""Salt"", ""quantity"": 1, ""unit"": ""tsp""}, {""name"": ""Pepper"", ""quantity"": 0.5, ""unit"": ""tsp""}, {""name"": ""Olive oil"", ""quantity"": 2, ""unit"": ""tbsp""}]","[{""id"": 1, ""description"": ""Prepare ingredients."", ""minutes"": 1, ""seconds"": 0}, {""id"": 2, ""description"": ""Cook using chosen method."", ""minutes"": 20, ""seconds"": 0}]",Automatically generated sample recipe.
56,Stir-Fried Salmon,Lunch,6,14,32,"[{""name"": ""Salt"", ""quantity"": 1, ""unit"": ""tsp""}, {""name"": ""Pepper"", ""quantity"": 0.5, ""unit"": ""tsp""}, {""name"": ""Olive oil"", ""quantity"": 2, ""unit"": ""tbsp""}]","[{""id"": 1, ""description"": ""Prepare ingredients."", ""minutes"": 1, ""seconds"": 0}, {""id"": 2, ""description"": ""Cook using chosen method."", ""minutes"": 32, ""seconds"": 0}]",Automatically generated sample recipe.
57,Roasted Beef,Lunch,4,14,32,"[{""name"": ""Salt"", ""quantity"": 1, ""unit"": ""tsp""}, {""name"": ""Pepper"", ""quantity"": 0.5, ""unit"": ""tsp""}, {""name"": ""Olive oil"", ""quantity"": 2, ""unit"": ""tbsp""}]","[{""id"": 1, ""description"": ""Prepare ingredients."", ""minutes"": 1, ""seconds"": 0}, {""id"": 2, ""description"": ""Cook using chosen method."", ""minutes"": 32, ""seconds"": 0}]",Automatically generated sample recipe.
58,Roasted Rice,Snack,4,20,28,"[{""name"": ""Salt"", ""quantity"": 1, ""unit"": ""tsp""}, {""name"": ""Pepper"", ""quantity"": 0.5, ""unit"": ""tsp""}, {""name"": ""Olive oil"", ""quantity"": 2, ""unit"": ""tbsp""}]","[{""id"": 1, ""description"": ""Prepare ingredients."", ""minutes"": 1, ""seconds"": 0}, {""id"": 2, ""description"": ""Cook using chosen method."", ""minutes"": 28, ""seconds"": 0}]",Automatically generated sample recipe.
59,Baked Lentils,Dinner,6,6,11,"[{""name"": ""Salt"", ""quantity"": 1, ""unit"": ""tsp""}, {""name"": ""Pepper"", ""quantity"": 0.5, ""unit"": ""tsp""}, {""name"": ""Olive oil"", ""quantity"": 2, ""unit"": ""tbsp""}]","[{""id"": 1, ""description"": ""Prepare ingredients."", ""minutes"": 1, ""seconds"": 0}, {""id"": 2, ""description"": ""Cook using chosen method."", ""minutes"": 11, ""seconds"": 0}]",Automatically generated sample recipe.
60,Stewed Tofu,Seafood,2,15,35,"[{""name"": ""Salt"", ""quantity"": 1, ""unit"": ""tsp""}, {""name"": ""Pepper"", ""quantity"": 0.5, ""unit"": ""tsp""}, {""name"": ""Olive oil"", ""quantity"": 2, ""unit"": ""tbsp""}]","[{""id"": 1, ""description"": ""Prepare ingredients."", ""minutes"": 1, ""seconds"": 0}, {""id"": 2, ""description"": ""Cook using chosen method."", ""minutes"": 35, ""seconds"": 0}]",Automatically generated sample recipe.
61,Pan-Seared Rice,Snack,4,7,21,"[{""name"": ""Salt"", ""quantity"": 1, ""unit"": ""tsp""}, {""name"": ""Pepper"", ""quantity"": 0.5, ""unit"": ""tsp""}, {""name"": ""Olive oil"", ""quantity"": 2, ""unit"": ""tbsp""}]","[{""id"": 1, ""description"": ""Prepare ingredients."", ""minutes"": 1, ""seconds"": 0}, {""id"": 2, ""description"": ""Cook using chosen method."", ""minutes"": 21, ""seconds"": 0}]",Automatically generated sample recipe.
62,Baked Rice,Lunch,6,17,30,"[{""name"": ""Salt"", ""quantity"": 1, ""unit"": ""tsp""}, {""name"": ""Pepper"", ""quantity"": 0.5, ""unit"": ""tsp""}, {""name"": ""Olive oil"", ""quantity"": 2, ""unit"": ""tbsp""}]","[{""id"": 1, ""description"": ""Prepare ingredients."", ""minutes"": 1, ""seconds"": 0}, {""id"": 2, ""description"": ""Cook using chosen method."", ""minutes"": 30, ""seconds"": 0}]",Automatically generated sample recipe.
63,Stewed Salmon,Dinner,6,7,30,"[{""name"": ""Salt"", ""quantity"": 1, ""unit"": ""tsp""}, {""name"": ""Pepper"", ""quantity"": 0.5, ""unit"": ""tsp""}, {""name"": ""Olive oil"", ""quantity"": 2, ""unit"": ""tbsp""}]","[{""id"": 1, ""description"": ""Prepare ingredients."", ""minutes"": 1, ""seconds"": 0}, {""id"": 2, ""description"": ""Cook using chosen method."", ""minutes"": 30, ""seconds"": 0}]",Automatically generated sample recipe.
64,Baked Rice,Snack,4,5,23,"[{""name"": ""Salt"", ""quantity"": 1, ""unit"": ""tsp""}, {""name"": ""Pepper"", ""quantity"": 0.5, ""unit"": ""tsp""}, {""name"": ""Olive oil"", ""quantity"": 2, ""unit"": ""tbsp""}]","[{""id"": 1, ""description"": ""Prepare ingredients."", ""minutes"": 1, ""seconds"": 0}, {""id"": 2, ""description"": ""Cook using chosen method."", ""minutes"": 23, ""seconds"": 0}]",Automatically generated sample recipe.
65,Grilled Pasta,Lunch,4,14,38,"[{""name"": ""Salt"", ""quantity"": 1, ""unit"": ""tsp""}, {""name"": ""Pepper"", ""quantity"": 0.5, ""unit"": ""tsp""}, {""name"": ""Olive oil"", ""quantity"": 2, ""unit"": ""tbsp""}]","[{""id"": 1, ""description"": ""Prepare ingredients."", ""minutes"": 1, ""seconds"": 0}, {""id"": 2, ""description"": ""Cook using chosen method."", ""minutes"": 38, ""seconds"": 0}]",Automatically generated sample recipe.
66,Grilled Salmon,Dessert,6,16,20,"[{""name"": ""Salt"", ""quantity"": 1, ""unit"": ""tsp""}, {""name"": ""Pepper"", ""quantity"": 0.5, ""unit"": ""tsp""}, {""name"": ""Olive oil"", ""quantity"": 2, ""unit"": ""tbsp""}]","[{""id"": 1, ""description"": ""Prepare ingredients."", ""minutes"": 1, ""seconds"": 0}, {""id"": 2, ""description"": ""Cook using chosen method."", ""minutes"": 20, ""seconds"": 0}]",Automatically generated sample recipe.
67,Grilled Chicken,Vegan,6,15,39,"[{""name"": ""Salt"", ""quantity"": 1, ""unit"": ""tsp""}, {""name"": ""Pepper"", ""quantity"": 0.5, ""unit"": ""tsp""}, {""name"": ""Olive oil"", ""quantity"": 2, ""unit"": ""tbsp""}]","[{""id"": 1, ""description"": ""Prepare ingredients."", ""minutes"": 1, ""seconds"": 0}, {""id"": 2, ""description"": ""Cook using chosen method."", ""minutes"": 39, ""seconds"": 0}]",Automatically generated sample recipe.
68,Roasted Pork,Lunch,6,9,27,"[{""name"": ""Salt"", ""quantity"": 1, ""unit"": ""tsp""}, {""name"": ""Pepper"", ""quantity"": 0.5, ""unit"": ""tsp""}, {""name"": ""Olive oil"", ""quantity"": 2, ""unit"": ""tbsp""}]","[{""id"": 1, ""description"": ""Prepare ingredients."", ""minutes"": 1, ""seconds"": 0}, {""id"": 2, ""description"": ""Cook using chosen method."", ""minutes"": 27, ""seconds"": 0}]",Automatically generated sample recipe.
69,Roasted Tofu,Snack,4,16,23,"[{""name"": ""Salt"", ""quantity"": 1, ""unit"": ""tsp""}, {""name"": ""Pepper"", ""quantity"": 0.5, ""unit"": ""tsp""}, {""name"": ""Olive oil"", ""quantity"": 2, ""unit"": ""tbsp""}]","[{""id"": 1, ""description"": ""Prepare ingredients."", ""minutes"": 1, ""seconds"": 0}, {""id"": 2, ""description"": ""Cook using chosen method."", ""minutes"": 23, ""seconds"": 0}]",Automatically generated sample recipe.
70,Baked Chicken,Lunch,6,20,20,"[{""name"": ""Salt"", ""quantity"": 1, ""unit"": ""tsp""}, {""name"": ""Pepper"", ""quantity"": 0.5, ""unit"": ""tsp""}, {""name"": ""Olive oil"", ""quantity"": 2, ""unit"": ""tbsp""}]","[{""id"": 1, ""description"": ""Prepare ingredients."", ""minutes"": 1, ""seconds"": 0}, {""id"": 2, ""description"": ""Cook using chosen method."", ""minutes"": 20, ""seconds"": 0}]",Automatically generated sample recipe.
71,Pan-Seared Shrimp,Vegan,6,11,37,"[{""name"": ""Salt"", ""quantity"": 1, ""unit"": ""tsp""}, {""name"": ""Pepper"", ""quantity"": 0.5, ""unit"": ""tsp""}, {""name"": ""Olive oil"", ""quantity"": 2, ""unit"": ""tbsp""}]","[{""id"": 1, ""description"": ""Prepare ingredients."", ""minutes"": 1, ""seconds"": 0}, {""id"": 2, ""description"": ""Cook using chosen method."", ""minutes"": 37, ""seconds"": 0}]",Automatically generated sample recipe.
72,Stewed Tofu,Dinner,4,12,30,"[{""name"": ""Salt"", ""quantity"": 1, ""unit"": ""tsp""}, {""name"": ""Pepper"", ""quantity"": 0.5, ""unit"": ""tsp""}, {""name"": ""Olive oil"", ""quantity"": 2, ""unit"": ""tbsp""}]","[{""id"": 1, ""description"": ""Prepare ingredients."", ""minutes"": 1, ""seconds"": 0}, {""id"": 2, ""description"": ""Cook using chosen method."", ""minutes"": 30, ""seconds"": 0}]",Automatically generated sample recipe.
73,Grilled Shrimp,Lunch,6,8,44,"[{""name"": ""Salt"", ""quantity"": 1, ""unit"": ""tsp""}, {""name"": ""Pepper"", ""quantity"": 0.5, ""unit"": ""tsp""}, {""name"": ""Olive oil"", ""quantity"": 2, ""unit"": ""tbsp""}]","[{""id"": 1, ""description"": ""Prepare ingredients."", ""minutes"": 1, ""seconds"": 0}, {""id"": 2, ""description"": ""Cook using chosen method."", ""minutes"": 44, ""seconds"": 0}]",Automatically generated sample recipe.
74,Pan-Seared Rice,Snack,4,18,39,"[{""name"": ""Salt"", ""quantity"": 1, ""unit"": ""tsp""}, {""name"": ""Pepper"", ""quantity"": 0.5, ""unit"": ""tsp""}, {""name"": ""Olive oil"", ""quantity"": 2, ""unit"": ""tbsp""}]","[{""id"": 1, ""description"": ""Prepare ingredients."", ""minutes"": 1, ""seconds"": 0}, {""id"": 2, ""description"": ""Cook using chosen method."", ""minutes"": 39, ""seconds"": 0}]",Automatically generated sample recipe.
75,Stir-Fried Pork,Vegan,2,6,23,"[{""name"": ""Salt"", ""quantity"": 1, ""unit"": ""tsp""}, {""name"": ""Pepper"", ""quantity"": 0.5, ""unit"": ""tsp""}, {""name"": ""Olive oil"", ""quantity"": 2, ""unit"": ""tbsp""}]","[{""id"": 1, ""description"": ""Prepare ingredients."", ""minutes"": 1, ""seconds"": 0}, {""id"": 2, ""description"": ""Cook using chosen method."", ""minutes"": 23, ""seconds"": 0}]",Automatically generated sample recipe.
76,Baked Shrimp,Vegan,2,8,33,"[{""name"": ""Salt"", ""quantity"": 1, ""unit"": ""tsp""}, {""name"": ""Pepper"", ""quantity"": 0.5, ""unit"": ""tsp""}, {""name"": ""Olive oil"", ""quantity"": 2, ""unit"": ""tbsp""}]","[{""id"": 1, ""description"": ""Prepare ingredients."", ""minutes"": 1, ""seconds"": 0}, {""id"": 2, ""description"": ""Cook using chosen method."", ""minutes"": 33, ""seconds"": 0}]",Automatically generated sample recipe.
77,Slow-Cooked Pork,Dessert,2,19,18,"[{""name"": ""Salt"", ""quantity"": 1, ""unit"": ""tsp""}, {""name"": ""Pepper"", ""quantity"": 0.5, ""unit"": ""tsp""}, {""name"": ""Olive oil"", ""quantity"": 2, ""unit"": ""tbsp""}]","[{""id"": 1, ""description"": ""Prepare ingredients."", ""minutes"": 1, ""seconds"": 0}, {""id"": 2, ""description"": ""Cook using chosen method."", ""minutes"": 18, ""seconds"": 0}]",Automatically generated sample recipe.
78,Stewed Vegetables,Seafood,6,11,24,"[{""name"": ""Salt"", ""quantity"": 1, ""unit"": ""tsp""}, {""name"": ""Pepper"", ""quantity"": 0.5, ""unit"": ""tsp""}, {""name"": ""Olive oil"", ""quantity"": 2, ""unit"": ""tbsp""}]","[{""id"": 1, ""description"": ""Prepare ingredients."", ""minutes"": 1, ""seconds"": 0}, {""id"": 2, ""description"": ""Cook using chosen method."", ""minutes"": 24, ""seconds"": 0}]",Automatically generated sample recipe.
79,Pan-Seared Tofu,Vegan,6,17,19,"[{""name"": ""Salt"", ""quantity"": 1, ""unit"": ""tsp""}, {""name"": ""Pepper"", ""quantity"": 0.5, ""unit"": ""tsp""}, {""name"": ""Olive oil"", ""quantity"": 2, ""unit"": ""tbsp""}]","[{""id"": 1, ""description"": ""Prepare ingredients."", ""minutes"": 1, ""seconds"": 0}, {""id"": 2, ""description"": ""Cook using chosen method."", ""minutes"": 19, ""seconds"": 0}]",Automatically generated sample recipe.
80,Stir-Fried Rice,Dessert,2,19,10,"[{""name"": ""Salt"", ""quantity"": 1, ""unit"": ""tsp""}, {""name"": ""Pepper"", ""quantity"": 0.5, ""unit"": ""tsp""}, {""name"": ""Olive oil"", ""quantity"": 2, ""unit"": ""tbsp""}]","[{""id"": 1, ""description"": ""Prepare ingredients."", ""minutes"": 1, ""seconds"": 0}, {""id"": 2, ""description"": ""Cook using chosen method."", ""minutes"": 10, ""seconds"": 0}]",Automatically generated sample recipe.
81,Pan-Seared Shrimp,Seafood,4,9,34,"[{""name"": ""Salt"", ""quantity"": 1, ""unit"": ""tsp""}, {""name"": ""Pepper"", ""quantity"": 0.5, ""unit"": ""tsp""}, {""name"": ""Olive oil"", ""quantity"": 2, ""unit"": ""tbsp""}]","[{""id"": 1, ""description"": ""Prepare ingredients."", ""minutes"": 1, ""seconds"": 0}, {""id"": 2, ""description"": ""Cook using chosen method."", ""minutes"": 34, ""seconds"": 0}]",Automatically generated sample recipe.
82,Slow-Cooked Tofu,Seafood,6,20,33,"[{""name"": ""Salt"", ""quantity"": 1, ""unit"": ""tsp""}, {""name"": ""Pepper"", ""quantity"": 0.5, ""unit"": ""tsp""}, {""name"": ""Olive oil"", ""quantity"": 2, ""unit"": ""tbsp""}]","[{""id"": 1, ""description"": ""Prepare ingredients."", ""minutes"": 1, ""seconds"": 0}, {""id"": 2, ""description"": ""Cook using chosen method."", ""minutes"": 33, ""seconds"": 0}]",Automatically generated sample recipe.
83,Pan-Seared Pork,Breakfast,4,8,42,"[{""name"": ""Salt"", ""quantity"": 1, ""unit"": ""tsp""}, {""name"": ""Pepper"", ""quantity"": 0.5, ""unit"": ""tsp""}, {""name"": ""Olive oil"", ""quantity"": 2, ""unit"": ""tbsp""}]","[{""id"": 1, ""description"": ""Prepare ingredients."", ""minutes"": 1, ""seconds"": 0}, {""id"": 2, ""description"": ""Cook using chosen method."", ""minutes"": 42, ""seconds"": 0}]",Automatically generated sample recipe.
84,Stewed Pasta,Dessert,4,15,15,"[{""name"": ""Salt"", ""quantity"": 1, ""unit"": ""tsp""}, {""name"": ""Pepper"", ""quantity"": 0.5, ""unit"": ""tsp""}, {""name"": ""Olive oil"", ""quantity"": 2, ""unit"": ""tbsp""}]","[{""id"": 1, ""description"": ""Prepare ingredients."", ""minutes"": 1, ""seconds"": 0}, {""id"": 2, ""description"": ""Cook using chosen method."", ""minutes"": 15, ""seconds"": 0}]",Automatically generated sample recipe.
85,Baked Rice,Dinner,4,16,42,"[{""name"": ""Salt"", ""quantity"": 1, ""unit"": ""tsp""}, {""name"": ""Pepper"", ""quantity"": 0.5, ""unit"": ""tsp""}, {""name"": ""Olive oil"", ""quantity"": 2, ""unit"": ""tbsp""}]","[{""id"": 1, ""description"": ""Prepare ingredients."", ""minutes"": 1, ""seconds"": 0}, {""id"": 2, ""description"": ""Cook using chosen method."", ""minutes"": 42, ""seconds"": 0}]",Automatically generated sample recipe.
86,Grilled Lentils,Seafood,2,15,39,"[{""name"": ""Salt"", ""quantity"": 1, ""unit"": ""tsp""}, {""name"": ""Pepper"", ""quantity"": 0.5, ""unit"": ""tsp""}, {""name"": ""Olive oil"", ""quantity"": 2, ""unit"": ""tbsp""}]","[{""id"": 1, ""description"": ""Prepare ingredients."", ""minutes"": 1, ""seconds"": 0}, {""id"": 2, ""description"": ""Cook using chosen method."", ""minutes"": 39, ""seconds"": 0}]",Automatically generated sample recipe.
87,Baked Vegetables,Vegan,2,20,20,"[{""name"": ""Salt"", ""quantity"": 1, ""unit"": ""tsp""}, {""name"": ""Pepper"", ""quantity"": 0.5, ""unit"": ""tsp""}, {""name"": ""Olive oil"", ""quantity"": 2, ""unit"": ""tbsp""}]","[{""id"": 1, ""description"": ""Prepare ingredients."", ""minutes"": 1, ""seconds"": 0}, {""id"": 2, ""description"": ""Cook using chosen method."", ""minutes"": 20, ""seconds"": 0}]",Automatically generated sample recipe.
88,Stewed Pasta,Dinner,4,18,44,"[{""name"": ""Salt"", ""quantity"": 1, ""unit"": ""tsp""}, {""name"": ""Pepper"", ""quantity"": 0.5, ""unit"": ""tsp""}, {""name"": ""Olive oil"", ""quantity"": 2, ""unit"": ""tbsp""}]","[{""id"": 1, ""description"": ""Prepare ingredients."", ""minutes"": 1, ""seconds"": 0}, {""id"": 2, ""description"": ""Cook using chosen method."", ""minutes"": 44, ""seconds"": 0}]",Automatically generated sample recipe.
89,Grilled Vegetables,Breakfast,4,20,22,"[{""name"": ""Salt"", ""quantity"": 1, ""unit"": ""tsp""}, {""name"": ""Pepper"", ""quantity"": 0.5, ""unit"": ""tsp""}, {""name"": ""Olive oil"", ""quantity"": 2, ""unit"": ""tbsp""}]","[{""id"": 1, ""description"": ""Prepare ingredients."", ""minutes"": 1, ""seconds"": 0}, {""id"": 2, ""description"": ""Cook using chosen method."", ""minutes"": 22, ""seconds"": 0}]",Automatically generated sample recipe.
90,Stir-Fried Rice,Lunch,6,19,11,"[{""name"": ""Salt"", ""quantity"": 1, ""unit"": ""tsp""}, {""name"": ""Pepper"", ""quantity"": 0.5, ""unit"": ""tsp""}, {""name"": ""Olive oil"", ""quantity"": 2, ""unit"": ""tbsp""}]","[{""id"": 1, ""description"": ""Prepare ingredients."", ""minutes"": 1, ""seconds"": 0}, {""id"": 2, ""description"": ""Cook using chosen method."", ""minutes"": 11, ""seconds"": 0}]",Automatically generated sample recipe.
91,Slow-Cooked Vegetables,Lunch,6,12,38,"[{""name"": ""Salt"", ""quantity"": 1, ""unit"": ""tsp""}, {""name"": ""Pepper"", ""quantity"": 0.5, ""unit"": ""tsp""}, {""name"": ""Olive oil"", ""quantity"": 2, ""unit"": ""tbsp""}]","[{""id"": 1, ""description"": ""Prepare ingredients."", ""minutes"": 1, ""seconds"": 0}, {""id"": 2, ""description"": ""Cook using chosen method."", ""minutes"": 38, ""seconds"": 0}]",Automatically generated sample recipe.
92,Stir-Fried Vegetables,Seafood,4,12,26,"[{""name"": ""Salt"", ""quantity"": 1, ""unit"": ""tsp""}, {""name"": ""Pepper"", ""quantity"": 0.5, ""unit"": ""tsp""}, {""name"": ""Olive oil"", ""quantity"": 2, ""unit"": ""tbsp""}]","[{""id"": 1, ""description"": ""Prepare ingredients."", ""minutes"": 1, ""seconds"": 0}, {""id"": 2, ""description"": ""Cook using chosen method."", ""minutes"": 26, ""seconds"": 0}]",Automatically generated sample recipe.
93,Pan-Seared Vegetables,Dessert,2,12,19,"[{""name"": ""Salt"", ""quantity"": 1, ""unit"": ""tsp""}, {""name"": ""Pepper"", ""quantity"": 0.5, ""unit"": ""tsp""}, {""name"": ""Olive oil"", ""quantity"": 2, ""unit"": ""tbsp""}]","[{""id"": 1, ""description"": ""Prepare ingredients."", ""minutes"": 1, ""seconds"": 0}, {""id"": 2, ""description"": ""Cook using chosen method."", ""minutes"": 19, ""seconds"": 0}]",Automatically generated sample recipe.
94,Pan-Seared Tofu,Snack,4,20,35,"[{""name"": ""Salt"", ""quantity"": 1, ""unit"": ""tsp""}, {""name"": ""Pepper"", ""quantity"": 0.5, ""unit"": ""tsp""}, {""name"": ""Olive oil"", ""quantity"": 2, ""unit"": ""tbsp""}]","[{""id"": 1, ""description"": ""Prepare ingredients."", ""minutes"": 1, ""seconds"": 0}, {""id"": 2, ""description"": ""Cook using chosen method."", ""minutes"": 35, ""seconds"": 0}]",Automatically generated sample recipe.
95,Baked Chicken,Seafood,6,13,13,"[{""name"": ""Salt"", ""quantity"": 1, ""unit"": ""tsp""}, {""name"": ""Pepper"", ""quantity"": 0.5, ""unit"": ""tsp""}, {""name"": ""Olive oil"", ""quantity"": 2, ""unit"": ""tbsp""}]","[{""id"": 1, ""description"": ""Prepare ingredients."", ""minutes"": 1, ""seconds"": 0}, {""id"": 2, ""description"": ""Cook using chosen method."", ""minutes"": 13, ""seconds"": 0}]",Automatically generated sample recipe.
96,Roasted Rice,Lunch,6,13,12,"[{""name"": ""Salt"", ""quantity"": 1, ""unit"": ""tsp""}, {""name"": ""Pepper"", ""quantity"": 0.5, ""unit"": ""tsp""}, {""name"": ""Olive oil"", ""quantity"": 2, ""unit"": ""tbsp""}]","[{""id"": 1, ""description"": ""Prepare ingredients."", ""minutes"": 1, ""seconds"": 0}, {""id"": 2, ""description"": ""Cook using chosen method."", ""minutes"": 12, ""seconds"": 0}]",Automatically generated sample recipe.
97,Grilled Chicken,Vegan,6,16,15,"[{""name"": ""Salt"", ""quantity"": 1, ""unit"": ""tsp""}, {""name"": ""Pepper"", ""quantity"": 0.5, ""unit"": ""tsp""}, {""name"": ""Olive oil"", ""quantity"": 2, ""unit"": ""tbsp""}]","[{""id"": 1, ""description"": ""Prepare ingredients."", ""minutes"": 1, ""seconds"": 0}, {""id"": 2, ""description"": ""Cook using chosen method."", ""minutes"": 15, ""seconds"": 0}]",Automatically generated sample recipe.
98,Roasted Shrimp,Snack,6,9,18,"[{""name"": ""Salt"", ""quantity"": 1, ""unit"": ""tsp""}, {""name"": ""Pepper"", ""quantity"": 0.5, ""unit"": ""tsp""}, {""name"": ""Olive oil"", ""quantity"": 2, ""unit"": ""tbsp""}]","[{""id"": 1, ""description"": ""Prepare ingredients."", ""minutes"": 1, ""seconds"": 0}, {""id"": 2, ""description"": ""Cook using chosen method."", ""minutes"": 18, ""seconds"": 0}]",Automatically generated sample recipe.
99,Stewed Rice,Vegan,4,11,31,"[{""name"": ""Salt"", ""quantity"": 1, ""unit"": ""tsp""}, {""name"": ""Pepper"", ""quantity"": 0.5, ""unit"": ""tsp""}, {""name"": ""Olive oil"", ""quantity"": 2, ""unit"": ""tbsp""}]","[{""id"": 1, ""description"": ""Prepare ingredients."", ""minutes"": 1, ""seconds"": 0}, {""id"": 2, ""description"": ""Cook using chosen method."", ""minutes"": 31, ""seconds"": 0}]",Automatically generated sample recipe.
100,Roasted Salmon,Vegan,4,17,21,"[{""name"": ""Salt"", ""quantity"": 1, ""unit"": ""tsp""}, {""name"": ""Pepper"", ""quantity"": 0.5, ""unit"": ""tsp""}, {""name"": ""Olive oil"", ""quantity"": 2, ""unit"": ""tbsp""}]","[{""id"": 1, ""description"": ""Prepare ingredients."", ""minutes"": 1, ""seconds"": 0}, {""id"": 2, ""description"": ""Cook using chosen method."", ""minutes"": 21, ""seconds"": 0}]",Automatically generated sample recipe.
